red,406,145,122,128,1.jpeg,852,480
red,1114,491,131,267,AM2IGT5MKRF6XHZWTWWQBHG46Q.jpeg,2048,1056
green,279,271,68,151,Red-Buoy-Navigation-or-Lateral-Marks-Floating-in-The-Sea.jpeg,520,442
red,42,55,110,105,The-Red-Anchor-Buoy-Lies-on-a-Sea-Surface.jpeg,349,233
red,848,330,99,111,blue-buoy-float-navigation-ocean-20511.jpeg,1280,853
red,518,121,108,204,bright-red-maritime-buoy-in-the-middle-of-the-ocean-surrounded-by-D9AK4H.jpeg,863,1390
red,351,308,301,209,buoy-perazzo-water-lake-nature-3542177.jpeg,1280,853
red,649,178,60,160,buoy-scheepvaartmarkering-2714628.jpeg,1280,729
green,649,352,70,70,buoy-scheepvaartmarkering-2714628.jpeg,1280,729
red,373,363,90,116,buoy-sea-water-ocean-marine-float-2673666.jpeg,853,1280
red,174,102,114,102,buoy-water-keyhaven-united-states-of-ame-828029.jpeg,1280,853
green,553,298,231,170,buoy-water-keyhaven-united-states-of-ame-828029.jpeg,1280,853
green,146,233,99,87,buoys-river-boats-stein-am-rhein-113406.jpeg,1280,601
green,437,203,73,73,buoys-river-boats-stein-am-rhein-113406.jpeg,1280,601
green,448,94,95,85,buoys-river-boats-stein-am-rhein-113406.jpeg,1280,601
green,907,60,63,71,buoys-river-boats-stein-am-rhein-113406.jpeg,1280,601
green,994,5,82,77,buoys-river-boats-stein-am-rhein-113406.jpeg,1280,601
red,325,227,301,167,fishing-buoy-sunset-water-orange-float-m-590688.jpeg,1280,960
red,314,294,63,127,image003.jpeg,650,697
red,64,95,34,33,images (1).jpeg,262,192
green,101,69,59,71,images (2).jpeg,276,183
green,79,13,120,140,images (3).jpeg,275,183
green,77,121,59,69,images (4).jpeg,191,263
green,49,57,18,72,images (5).jpeg,300,168
green,125,83,29,22,images (6).jpeg,276,183
red,41,10,63,98,images (7).jpeg,270,147
red,68,104,27,48,images (8).jpeg,225,225
green,24,113,14,18,images (8).jpeg,225,225
red,76,99,22,19,images (9).jpeg,263,192
red,163,107,14,12,images.jpeg,264,191
red,536,483,189,278,red-buoy-1457116991Qg8.jpeg,1920,1281
red,434,187,165,151,red-buoy-claudia-m-photography.jpeg,900,579
green,620,257,102,163,scheepvaartmarkering-marking-2715012.jpeg,1280,675
red,96,73,53,75,single-red-buoy-on-calm-260nw-41397295.jpeg,347,280
green,294,472,37,32,sky-nature-water-sea-outdoors-3332068.jpeg,1280,853
green,538,421,29,31,sky-nature-water-sea-outdoors-3332068.jpeg,1280,853
green,412,400,20,26,sky-nature-water-sea-outdoors-3332068.jpeg,1280,853
green,318,390,17,19,sky-nature-water-sea-outdoors-3332068.jpeg,1280,853
green,249,380,15,12,sky-nature-water-sea-outdoors-3332068.jpeg,1280,853
green,211,369,12,17,sky-nature-water-sea-outdoors-3332068.jpeg,1280,853
green,186,369,12,9,sky-nature-water-sea-outdoors-3332068.jpeg,1280,853
red,596,984,110,90,summer-buoy-water-late-summer-sweden-buo-916796.jpeg,948,1280